zipcode,death_rate_cumulative
60602,80.4
60617,144.2
60607,16.9
60609,188.6
60621,230.7
60603,0.0
60601,68.1
60623,257.0
60604,0.0
60605,32.7
60606,32.2
60626,287.6
60608,151.5
60630,174.4
60610,64.1
60634,152.6
60636,257.7
60611,33.9
60612,157.4
60615,60.1
60638,163.3
60620,171.8
60613,79.8
60640,182.2
60641,133.8
60614,116.4
60622,125.0
60616,128.5
60624,160.4
60645,186.5
60625,195.6
60628,257.8
60629,178.8
60618,98.5
60619,168.1
60631,254.0
60649,308.5
60651,178.7
60652,186.8
60632,179.0
60633,93.2
60655,107.6
60656,126.9
60657,60.0
60660,136.4
60643,212.6
60637,99.0
60639,213.2
60654,31.4
60642,99.0
60644,222.2
60659,175.3
60646,196.5
60647,147.4
60661,10.1
60707,76.7
60653,162.6
60827,38.5
60666,0.0
